{
    "answers": {
        "phase": ["coding"],
        "action": ["source code authoring"],
        "scope": ["backend"],
        "action experience": [4],
        "prog lang": ["python"],
        "other prog lang": "<fill in>",
        "aimodel": ["gemini"],
        "aimodel version": "<fill in>",
        "lmstudio-hosted aimodel": "<fill-in>",
        "tool option": ["online free"],
        "experience with tool": [4],
        "time allocated (h)": "1",
        "time saved estimate (h)": "2", 
        "quality of ai help": [3],
        "knowledge acquired": [1],
        "generic feeling - now": [3],
        "generic feeling - future": [4],
        "threat level": [3],
        "notes": "<fill in>"
    }
}