{
    "answers": {
        "phase": ["coding"],
        "action": ["source code authoring"],
        "scope": ["frontend"],
        "action experience": [5],
        "prog lang": ["python"],
        "other prog lang": "html",
        "aimodel": ["gemini" ],
        "aimodel version": "<fill in>",
        "lmstudio-hosted aimodel": "<fill-in>",
        "tool option": ["online free"],
        "experience with tool": [4],
        "time allocated (h)": "1",
        "time saved estimate (h)": "3", 
        "quality of ai help": [4],
        "knowledge acquired": [0],
        "generic feeling - now": [4],
        "generic feeling - future": [5],
        "threat level": [5],
        "notes": "<fill in>"
    }
}