{
    "answers": {
        "phase": ["design"],
        "action": ["choreography design"],
        "scope": ["messaging design"],
        "action experience": [0],
        "prog lang": ["n/a"],
        "other prog lang": "<fill in>",
        "aimodel": ["chatgpt" ],
        "aimodel version": "<fill in>",
        "lmstudio-hosted aimodel": "<fill-in>",
        "tool option": ["online free"],
        "experience with tool": [5],
        "time allocated (h)": "3",
        "time saved estimate (h)": "5", 
        "quality of ai help": [4],
        "knowledge acquired": [5],
        "generic feeling - now": [4],
        "generic feeling - future": [4],
        "threat level": [3],
        "notes": "<fill in>"
    }
}