{
    "answers": {
        "phase": ["deployment"],
        "action": ["container structuring"],
        "scope": ["deployment scripts"],
        "action experience": [2],
        "prog lang": ["yaml/json"],
        "other prog lang": "<fill in>",
        "aimodel": ["chatgpt" ],
        "aimodel version": "<fill in>",
        "lmstudio-hosted aimodel": "<fill-in>",
        "tool option": ["online free"],
        "experience with tool": [5],
        "time allocated (h)": "0",
        "time saved estimate (h)": "1", 
        "quality of ai help": [5],
        "knowledge acquired": [4],
        "generic feeling - now": [4],
        "generic feeling - future": [4],
        "threat level": [3],
        "notes": "<fill in>"
    }
}