{
    "answers": {
        "phase": ["architecture"],
        "action": ["choreography design"],
        "scope": ["uml sequence"],
        "action experience": [0, 1, 2, 3, 4, 5],
        "prog lang": ["n/a"],
        "other prog lang": "<fill in>",
        "aimodel": ["gemini" ],
        "aimodel version": "<fill in>",
        "lmstudio-hosted aimodel": "<fill-in>",
        "tool option": ["online free"],
        "experience with tool": [4],
        "time allocated (h)": "0",
        "time saved estimate (h)": "1", 
        "quality of ai help": [2],
        "knowledge acquired": [4],
        "generic feeling - now": [2],
        "generic feeling - future": [2],
        "threat level": [2],
        "notes": "<fill in>"
    }
}