{
    "answers": {
        "phase": ["deployment"],
        "action": ["container structuring"],
        "scope": ["container configuration"],
        "action experience": [1],
        "prog lang": ["yaml/json"],
        "other prog lang": "<fill in>",
        "aimodel": ["gemini" ],
        "aimodel version": "<fill in>",
        "lmstudio-hosted aimodel": "<fill-in>",
        "tool option": ["online free"],
        "experience with tool": [4],
        "time allocated (h)": "2",
        "time saved estimate (h)": "3", 
        "quality of ai help": [3],
        "knowledge acquired": [3],
        "generic feeling - now": [2],
        "generic feeling - future": [3],
        "threat level": [3],
        "notes": "<fill in>"
    }
}