{
    "answers": {
        "phase": ["architecture"],
        "action": ["microservices definition"],
        "scope": ["uml component"],
        "action experience": [2],
        "prog lang": ["n/a"],
        "other prog lang": "<fill in>",
        "aimodel": ["chatgpt"],
        "aimodel version": "<fill in>",
        "lmstudio-hosted aimodel": "<fill-in>",
        "tool option": ["online free"],
        "experience with tool": [5],
        "time allocated (h)": "2",
        "time saved estimate (h)": "0", 
        "quality of ai help": [3],
        "knowledge acquired": [3],
        "generic feeling - now": [3],
        "generic feeling - future": [3],
        "threat level": [2],
        "notes": "<fill in>"
    }
}